app_type,days_followed,rank_on_14_Dec,app_category,app_name,Label
free,2,58,1,Bible Verses: Daily Devotional,0
free,15,52,1,Daily Bible Inspirations,0
free,2,85,1,Daily Bible Verse & Motivation,0
gross,2,70,1,Daily Devotional For Women App,0
gross,6,28,1,Dictionary.com: English Words,0
free,2,62,1,Dwell: Audio Bible,0
free,22,49,1,Logo Creator:  Label maker*,0
free,4,3,1,Night Sky,0
free,2,4,1,Oxford Dictionary of English,0
gross,22,78,1,Pray Catholic Prayers,0
free,4,14,1,Quran Majeed – القران الكريم,0
free,23,93,1,Reports + Followers Tracker,0
free,9,11,1,Reverso translate and learn,0
free,8,71,1,"Slide Up - Games, New Friends!",0
free,21,8,1,Talk & Translate Translator,0
gross,21,8,1,Talk & Translate Translator,0
free,30,63,1,Tracker + Followers Insights,0
gross,1,29,1,U-Dictionary,0
gross,7,34,1,Word of the Day・English Vocab,0
free,1,77,2,All Secure VPN & WiFi Proxy,0
paid,4,16,2,Awesome Calendar,0
free,8,17,2,Best VPN Proxy Betternet,0
gross,8,16,2,Best VPN Proxy Betternet,0
paid,5,46,2,Braintoss,0
paid,23,42,2,BusyCal: Calendar & Todos,0
gross,21,55,2,Dashlane – Password Manager,0
free,2,57,2,DocuSign - Upload & Sign Docs,0
paid,30,17,2,Due - Reminders & Timers,0
paid,28,60,2,FlickType - Watch Keyboard,0
free,7,23,2,Grammarly - Grammar Keyboard,0
free,2,42,2,Hola VPN Privacy & Security,0
free,7,18,2,HotspotShield VPN & Wifi Proxy,0
free,2,32,2,McAfee Mobile Security,0
free,2,6,2,Microsoft OneDrive,0
free,29,8,2,Microsoft Outlook,0
free,18,66,2,signNow: pdf document signer,0
free,2,60,2,Spaces: Follow Businesses,0
gross,4,79,2,TalkingParents,0
free,1,54,2,TeamViewer QuickSupport,0
paid,14,37,2,Tody,0
free,14,76,2,Universal Remote - TV Control,0
free,4,86,2,Verizon Cloud,0
free,7,35,2,VPN 360 - Unlimited VPN Proxy,0
gross,8,10,2,VPN Proxy Master - Super VPN,0
paid,30,39,2,Wipr,0
free,7,29,2,X-VPN - Best VPN Proxy master,0
gross,28,41,3,Bare Knuckle TV,0
free,1,86,3,Bet On Sports,0
free,6,92,3,Buffalo Bills Mobile,0
free,2,28,3,CBS Sports App Scores & News,0
paid,21,2,3,Coach's Eye - Video Analysis,0
free,2,60,3,FanDuel Sportsbook & Casino,0
free,5,36,3,GameChanger Team Manager (NEW),0
gross,12,89,3,LineupHQ Express for FanDuel,0
gross,30,24,3,Meet Mobile: Swim,0
free,7,1,3,NBA: Live Games & Scores,0
gross,7,1,3,NBA: Live Games & Scores,0
free,2,95,3,NBC Sports Predictor,0
free,24,54,3,NFHS Network,0
free,29,29,3,NFL Fantasy Football,0
free,21,13,3,NHL,0
free,2,5,3,OneFootball - Soccer News,0
free,3,90,3,Outdoor AL,0
free,7,85,3,PointsBet: Sports Betting,0
free,2,9,3,Premier League - Official App,0
free,17,51,3,Press Sports: Video Highlights,0
gross,2,50,3,Slopes: Ski & Snowboard,0
free,7,34,3,TeamSnap,0
free,26,56,3,TUDN: TU Deportes Network,0
free,7,2,3,UFC,0
free,3,82,3,William Hill - Sportsbook,0
free,1,27,3,Yahoo Fantasy & Daily Sports,0
free,3,18,3,Yahoo Sports: Live Sports News,0
free,16,52,4,3Fun: Threesome & Swingers App,0
paid,1,2,4,Badoo Premium,0
free,3,57,4,BAND - App for all groups,0
gross,30,19,4,Bermuda-Random Live Video Chat,0
gross,2,20,4,Dingtone: Phone Calls + Texts,0
paid,6,7,4,Friendly Plus Social Browser,0
free,1,74,4,GoFundMe - Online Fundraising,0
free,7,32,4,Itsme­,0
free,7,10,4,LINE,0
free,23,33,4,Litstick - Best Stickers App,0
free,2,3,4,Messenger,0
free,7,53,4,MeWe Network,0
gross,24,66,4,MOMO陌陌,0
gross,6,40,4,Reports for Followers,0
free,3,20,4,Skout — Meet New People,0
gross,23,15,4,"Tagged -Chill, Chat & Go Live!",0
paid,4,3,4,TeamSpeak 3,0
free,2,44,4,Wink - make a new bff & chat,0
free,21,47,4,Wishbone - Compare Anything,0
free,3,73,5,Burner: Text + Call + Message,0
free,24,60,5,Call of Duty Companion App,0
free,8,12,5,Color Widgets,0
free,10,33,5,Copy My Data,0
free,23,68,5,Fontkey - Fonts Keyboard Emoji,0
paid,19,97,5,Fueling Timer,0
free,29,95,5,"Happy Fonts, Aα, Font Keyboard",0
free,1,87,5,myCricket App,0
free,8,5,5,NordVPN: VPN Fast & Secure,0
gross,8,3,5,NordVPN: VPN Fast & Secure,0
paid,1,36,5,Opener ‒ open links in apps,0
free,1,92,5,Photo Print - print photo,0
paid,26,62,5,Quantumult X,0
free,1,77,5,RoboKiller: Block Spam Calls,0
gross,6,86,5,Screen Mirroring X: Smart View,0
gross,4,11,5,Second Phone Number - 2Number,0
free,3,72,5,Second Phone Number -Texts App,0
free,25,45,5,Snap & Translate - Triplens,0
free,3,63,5,Themify: Icon Themes & Widgets,0
free,24,10,5,Truecaller,0
free,2,84,5,Xfinity My Account,0
gross,2,45,5,YI IoT,0
free,2,16,6,Agoda - Best Travel Deals,0
free,28,79,6,Allegiant,0
free,8,69,6,Choice Hotels : Book Hotels,0
gross,9,49,6,Cut Videos: Edit & Trim Video,0
free,21,87,6,Drive Safe & Save™,0
free,2,85,6,GetUpside Cashback: Gas & Food,0
free,21,68,6,Hotwire: Last Minute Hotels,0
free,24,99,6,HyreCar: Rideshare Car Rentals,0
free,8,54,6,PayByPhone Parking,0
free,2,3,6,Planes Live - Flight Tracker,0
free,2,33,6,"Priceline - Hotel, Car, Flight",0
free,8,95,6,Roadie Driver,0
gross,16,37,6,StaffTraveler,0
free,9,93,6,Tolls NY,0
free,2,12,6,trivago: Compare hotel prices,0
free,1,49,6,Turo - Better Than Car Rental,0
free,28,4,6,Uber - Request a ride,0
free,2,23,6,United Airlines,0
free,2,51,6,Universal Orlando Resort™,0
free,21,70,6,Wyndham Hotels & Resorts,0
free,16,44,7,BlueJeans Video Conferencing,0
paid,16,17,7,Fax from iPhone - Send Fax App,0
gross,2,78,7,FAX.PLUS - Receive & Send Fax,0
paid,15,21,7,FineReader Pro: PDF Scanner,0
free,2,98,7,Handy for Pros,0
gross,2,43,7,iScan - PDF & Document Scanner,0
gross,1,69,7,Joist App for Contractors,0
gross,2,7,7,OfficeSuite docs & PDF editor,0
free,7,86,7,Paychex Flex,0
free,24,74,7,QuickBooks Time Tracker,0
free,4,13,7,Scanner Pro: PDF Scanner App,0
free,2,53,7,Square Point of Sale (POS),0
free,2,90,7,Steady - Earn Money,0
free,6,15,7,Trello: organize anything!,0
gross,9,95,7,TruckLoads: Trucker Load Board,0
free,2,70,7,UKG Pro (UltiPro),0
free,26,92,7,Wonolo,0
free,23,38,7,Zello Walkie Talkie,0
free,9,3,7,ZOOM Cloud Meetings,0
free,9,29,7,Zoom for Intune,0
free,5,52,8,Air Quality App - BreezoMeter,0
gross,9,2,8,Clime: NOAA Weather Radar Live,0
free,29,81,8,Highway Weather,0
free,3,55,8,My Aurora Forecast & Alerts,0
free,3,48,8,My Earthquake Alerts & Feed,0
gross,26,37,8,My Moon Phase Pro - Alerts,0
paid,1,66,8,Snow Day Calculator,0
free,22,15,8,Storm Radar: Weather Tracker,0
gross,1,16,8,Weather & Radar - Storm alerts,0
paid,22,63,8,Weather Gods,0
gross,1,60,8,Weather Kitty: Weather + Radar,0
paid,7,7,8,Weather Mate Pro - Forecast,0
free,22,8,8,Weather⁺,0
free,30,34,9,Add Background Music To Video,0
free,14,30,9,AirBrush - Best Photo Editor,0
gross,7,69,9,Banuba: Funny Face Swap Filter,0
free,4,6,9,CapCut - Video Editor,0
free,16,87,9,CASETiFY,0
free,8,78,9,Colourtone,0
paid,7,27,9,DSLR Camera,0
paid,3,41,9,FACEinHOLE®,0
paid,8,3,9,FiLMiC Pro－Video Camera,0
free,28,94,9,Frameo,0
free,3,24,9,Funimate Video Editor & Maker,0
free,24,27,9,GoPro Quik: Video Editor,0
paid,7,19,9,Hipstamatic Classic,0
free,1,5,9,InShot - Video Editor,0
free,3,19,9,KineMaster - Video Editor,0
free,9,60,9,Lomotif: Edit Video. Add Music,0
paid,2,66,9,Mirror for LG Smart TV,0
free,3,36,9,mojo — Insta Story Editor,0
gross,3,32,9,mojo — Insta Story Editor,0
free,4,58,9,Phonto - Text on Photos,0
free,8,43,9,Photo Collage - Collageable,0
gross,4,57,9,Preview: Planner for Instagram,0
free,3,93,9,Rumble,0
paid,9,77,9,Skin Tanner,0
free,24,47,9,SlideShow Maker Photo to Video,0
paid,24,40,9,Video & TV Cast + Google Cast,0
free,4,73,9,Videoshop - Video Editor,0
paid,24,69,9,Visionn,0
free,2,16,9,VivaVideo - Video Editor&Maker,0
gross,2,15,9,VivaVideo - Video Editor&Maker,0
free,6,51,9,YouCam Perfect: Photo Editor,0
free,18,86,10,6abc Philadelphia,0
free,15,44,10,AP News,0
free,1,58,10,BlazeTV: Pro-America,0
gross,26,11,10,Bloomberg: Business News,0
gross,14,23,10,BuzzFeed - Quizzes & Celebrity,0
gross,17,91,10,Clarion Ledger,0
gross,7,16,10,CNBC: Stock Market & Business,0
free,24,18,10,CNN: Breaking US & World News,0
free,2,89,10,Denver News from 9News,0
free,15,19,10,Flipboard - Latest Stories,0
free,7,26,10,MailOnline: Daily News Updates,0
free,4,68,10,MSNBC,0
free,30,22,10,Podcast Player - Castbox,0
free,5,56,10,"Police Scanner, Fire Radio",0
free,1,6,10,Reddit,0
gross,23,71,10,The Charlotte Observer News,0
free,2,3,10,Twitter,0
free,3,76,10,Yahoo News: Breaking & Local,0
free,24,20,20,Barron’s - Investing Insights,0
gross,24,14,20,Barron’s - Investing Insights,0
gross,17,71,20,Clarion Ledger,0
gross,17,85,20,Commercial Appeal,0
free,21,82,20,CTInsider,0
free,17,74,20,Detroit Free Press,0
gross,22,94,20,Evansville Courier & Press,0
free,22,77,20,Houston Chronicle,0
gross,22,62,20,Kansas City Star News,0
free,22,85,20,Lexington Herald-Leader News,0
free,9,66,20,Newsday,0
paid,5,1,20,Outdoor Photography Magazine,0
free,3,36,20,Readly - Unlimited Magazines,0
free,2,1,20,The Wall Street Journal.,0
free,25,39,20,Trip Scout - My Travel Planner,0
free,7,31,20,USA TODAY - News: Personalized,0
free,17,7,20,WebComics - Daily Manga,0
gross,17,8,20,WebComics - Daily Manga,0
free,2,10,20,ZINIO - Magazine Newsstand,0
free,3,40,21,Acapella from PicPlayPost,0
paid,16,27,21,Audiobus: Mixer for music apps,0
paid,30,55,21,Audyssey MultEQ Editor app,0
gross,30,60,21,Auxy Studio,0
free,5,89,21,BeatStars - Instrumental Beats,0
gross,7,44,21,Chordify - Chords for Any Song,0
free,10,18,21,DJ it! - Music Mixer Pad,0
paid,1,34,21,Drum Tuner - iDrumTune Pro,0
free,28,27,21,Drums: Play Beats & Drum Games,0
gross,28,31,21,Drums: Play Beats & Drum Games,0
free,3,13,21,Groovepad - Music & Beat Maker,0
gross,15,59,21,JioSaavn – Music & Podcasts,0
paid,4,20,21,KORG Gadget 2,0
free,1,96,21,MP3 Songs Music,0
free,1,34,21,myTuner Radio - Live Stations,0
gross,16,96,21,nugs.net,0
gross,2,76,21,Pacemaker - AI DJ app,0
free,4,84,21,Pandora: Music & Podcasts,0
free,9,56,21,Pro Microphone: Sing & Record,0
free,4,60,21,RadioApp - A Simple Radio,0
free,7,67,21,Rap Fame - Rap Music Studio,0
free,2,43,21,Rapchat: Song Maker Studio,0
free,10,20,21,Ringtones for iPhone: RingTune,0
free,30,53,21,Sonos,0
free,4,94,21,The SiriusXM App – Try It Out,0
paid,1,37,21,TONALY: Write & practice music,0
gross,2,35,21,"WeDrum: Drum Games, Real Drums",0
paid,12,24,22,BlindSquare,0
free,21,4,22,Boating Marine & Lakes,0
paid,16,29,22,Cachly - Geocaching,0
free,2,76,22,CDOT Colorado Road Conditions,0
free,4,24,22,Circuit Route Planner,0
gross,4,30,22,Circuit Route Planner,0
free,2,90,22,Exxon Mobil Rewards+,0
free,30,37,22,"Find Family, Friends, Phone",0
gross,30,43,22,"Find Family, Friends, Phone",0
free,3,5,22,"Find my Phone, Friends - iMapp",0
free,28,30,22,GPS Navigation & Maps,0
free,1,67,22,Nexar - AI Dash Cam,0
free,29,57,22,NYC Transit: MTA Subway & Bus,0
free,2,54,22,onX Hunt: #1 GPS Hunting Map,0
free,5,84,22,ParkWhiz - #1 Parking App,0
free,4,72,22,SpotHero: #1 Rated Parking App,0
free,4,95,22,Sunoco,0
free,7,58,22,Trucker Path: Truck GPS & Maps,0
gross,8,23,23,Breethe: Meditation & Sleep,0
free,7,62,23,Calorie Counter - MyNetDiary,0
gross,20,49,23,Carb Manager: Keto Diet App,0
gross,9,21,23,Fitness Coach: Home Workout,0
gross,3,33,23,FitOn Workouts & Fitness Plans,0
paid,30,29,23,iSmoothRun,0
free,3,8,23,Lifesum: Diet & Macro Tracker,0
paid,23,51,23,one sec — take a deep breath,0
gross,12,80,23,"Simple Habit Sleep, Meditation",0
gross,7,52,23,Waking Up: Guided Meditation,0
paid,2,3,23,WaterMinder®,0
gross,7,39,23,Weight Loss Walking by Verv,0
gross,7,58,23,WW Weight Watchers Reimagined,0
paid,1,90,24,b-hyve pro,0
gross,4,80,24,Care.com Caregiver: Find Jobs,0
paid,1,31,24,HiDaddy - pregnancy for Dads,0
gross,2,83,24,Lox Club,0
gross,22,62,24,PulseRate. Heart rate checker,0
gross,7,15,25,Crypto Pro - Bitcoin Ticker,0
paid,16,17,25,Fuel Monitor Pro,0
paid,15,31,25,Stocks Live+ Best Stock Market,0
gross,23,30,25,Stocktwits,0
paid,7,94,26,Apocalypse Inc.,0
paid,4,86,26,Clue: The Classic Mystery Game,0
gross,5,50,26,Cooking Diary® Restaurant Game,0
paid,9,23,26,Doodle Jump,0
gross,1,20,26,Evony,0
gross,1,13,26,Fishdom,0
gross,30,16,26,Gardenscapes,0
gross,7,47,26,Guns of Glory: Conquer Empires,0
gross,4,80,26,Heart of Vegas Casino Slots,0
paid,1,6,26,Infinite Flight Simulator,0
gross,16,25,26,Lords Mobile: Tower Defense,0
gross,1,51,26,Mafia City: War of Underworld,0
paid,1,1,26,Minecraft,0
paid,1,4,26,Monopoly,0
gross,2,5,26,Project Makeover,0
gross,1,2,26,Roblox,0
paid,1,51,26,Trivia Crack (No Ads),0
gross,8,73,26,World Series of Poker - WSOP,0
paid,3,90,26,You are Hope,0
gross,23,49,27,Animal Jam,0
gross,19,31,27,Bright - English for beginners,0
gross,3,18,27,Headway: Self-Growth Challenge,0
gross,24,16,27,Kahoot! Play & Create Quizzes,0
gross,28,3,27,Lingokids - playlearning™,0
gross,28,25,27,LinkedIn Learning,0
paid,6,8,27,Star Walk 2: The Night Sky Map,0
gross,2,67,27,STEEZY - Learn How To Dance,0
gross,24,87,28,Lifetime Movie Club,0
paid,1,61,28,The Mandalorian Stickers,0
gross,2,12,29,Dreame - Read Best Romance,0
gross,7,16,29,Radish Fiction,0
gross,29,44,55,100 PICS Quiz - Picture Trivia,0
gross,3,22,55,Fight List - Categories Game,0
gross,1,5,55,Trivia Crack,0
gross,21,3,55,Trivia Star: Trivia Games Quiz,0
gross,5,40,55,Tsuki Adventure,0
paid,10,47,56,Acrostic Crossword Puzzles,0
gross,8,62,56,Crossword Jam - Fun Word Games,0
paid,3,25,56,Lexulous Word Game,0
gross,6,94,56,Word Planet - from Playsimple,0
gross,9,86,56,Word villas - Crossword&Design,0
gross,16,32,56,WordBrain: classic word puzzle,0
gross,4,14,57,Football Strike,0
gross,1,84,57,MLB Home Run Derby 2021,0
gross,7,94,58,Army Men Strike: Toy Wars,0
gross,2,62,58,Cooking Dash™,0
gross,29,59,58,Final Fantasy XV: A New Empire,0
gross,4,52,58,Last Empire – War Z: Strategy,0
gross,2,41,58,Monster Legends: Collect them!,0
gross,4,31,58,The Grand Mafia,0
gross,2,54,58,Weed Inc: Idle Tycoon,0
gross,7,26,59,Covet Fashion: Model Makeover,0
paid,11,11,59,Pascal's Wager,0
gross,4,10,59,RAID: Shadow Legends,0
gross,7,34,60,Covet Fashion: Model Makeover,0
gross,8,83,60,Diner DASH Adventures,0
gross,4,55,60,Dragonscapes Adventure,0
gross,29,12,60,Dream League Soccer 2021,0
gross,22,50,60,Idle Mafia,0
paid,1,3,60,Infinite Flight Simulator,0
paid,1,1,60,Minecraft,0
gross,2,21,60,Pixel Gun 3D: Online Shooter,0
paid,6,9,60,Pocket Build,0
paid,3,6,60,RFS - Real Flight Simulator,0
gross,3,83,61,Bubble Pop! Puzzle Game Legend,0
gross,2,56,61,Disney Emoji Blitz,0
gross,7,20,61,DRAGON BALL Z DOKKAN BATTLE,0
gross,4,98,61,Jewels Magic: Mystery Match3,0
gross,15,95,61,Manor Cafe,0
gross,3,29,62,F1 Mobile Racing,0
gross,6,40,62,Hashiriya Drifter #1 Racing,0
gross,24,28,62,KartRider Rush+,0
paid,3,3,62,RFS - Real Flight Simulator,0
gross,7,36,62,Top Drives – Car Cards Racing,0
gross,11,87,63,Avatar Musik 2,0
gross,7,9,63,Dancing Road: Color Ball Run!,0
gross,2,2,63,Magic Tiles 3: Piano Game,0
gross,18,75,63,Utano Princesama: Shining Live,0
gross,3,59,71,Delicious World - Cooking Game,0
gross,4,22,71,Lily’s Garden: Design & Relax,0
gross,1,51,71,Penny & Flo: Finding Home,0
paid,6,10,71,Ski Safari 2,0
gross,30,75,71,The Oregon Trail.,0
gross,3,52,71,Trivia Crack Adventure,0
paid,3,80,73,Bad North: Jotunn Edition,0
gross,7,77,73,Bullet Echo,0
paid,9,13,73,Doodle Jump,0
gross,1,41,73,DRAGON BALL LEGENDS,0
gross,4,92,73,FR Legends,0
paid,25,77,73,Moonlighter,0
paid,3,22,73,Real Steel,0
gross,1,1,73,Roblox,0
gross,7,49,73,Rush Royale - Tower Defense TD,0
gross,1,36,74,Angry Birds Friends,0
gross,1,71,74,Angry Birds Match 3,0
gross,24,39,74,Bubble Witch 2 Saga,0
gross,7,6,74,Coin Master,0
gross,8,72,74,Johnny Trigger,0
gross,8,48,74,Pirate Kings™,0
paid,6,8,74,Ski Safari 2,0
gross,6,93,74,Super Hit Baseball,0
gross,1,61,74,World of Warships Blitz: MMO,0
gross,2,67,75,Adventure Escape Mysteries,0
gross,14,31,75,Board Kings - Fun Board Games,0
gross,4,40,75,Dragonscapes Adventure,0
gross,5,43,75,Grand Hotel Mania: Idle Tycoon,0
gross,3,78,75,Island King,0
paid,8,6,75,Monument Valley,0
paid,25,53,75,Moonlighter,0
gross,2,69,75,Obey Me! - Anime Otome Sim -,0
paid,6,7,75,Pocket Build,0
gross,1,2,75,Roblox,0
gross,7,41,75,Tacticool,0
gross,3,77,75,The World of Magic,0
gross,14,19,76,DoubleDown™ Casino -Slots Game,0
gross,8,59,76,Fate/Grand Order (English),0
gross,2,41,76,Gin Rummy Plus - Card Game,0
gross,8,65,76,Golden Casino - Vegas Slots,0
gross,4,21,76,Heart of Vegas Casino Slots,0
paid,5,36,76,Hearts +,0
paid,20,56,76,Kemono Mahjong,0
paid,13,11,76,Pirates Outlaws,0
paid,3,22,76,Rummy +,0
gross,24,88,76,Show Me Vegas Slots Casino App,0
gross,17,68,76,Solitaire»,0
gross,1,83,76,Spades Plus - Card Game,0
gross,21,73,76,Tycoon Casino™ - Vegas Slots,0
gross,8,15,76,World Series of Poker - WSOP,0
gross,18,76,77,Bingo Tycoon!,0
gross,4,71,77,Bingo! Live Story Bingo Games,0
gross,3,77,77,Block! Hexa Puzzle™,0
gross,3,96,77,Brick Breaker: Legend Balls,0
gross,28,65,77,Catan Universe,0
gross,4,9,77,Chess - Play & Learn,0
gross,2,27,77,Gin Rummy Plus - Card Game,0
gross,7,8,77,Happy Color™ – Coloring Games,0
paid,3,2,77,The Game of Life 2,0
gross,28,64,77,Wordzee!,0
gross,1,52,79,Club Vegas Slots: Casino Games,0
gross,7,60,79,Double Win Slots Casino Game,0
gross,2,12,79,Jackpot World™ - Casino Slots,0
gross,4,67,79,Old Vegas Classic Slots Casino,0
paid,8,2,79,Texas Poker: Pokerist Pro,0
gross,10,83,79,Vegas Downtown Slots & Words,0
gross,28,33,79,Wizard of Oz Slots Casino,0
gross,8,9,79,World Series of Poker - WSOP,0
paid,13,75,80,800 HazRx®,0
gross,26,86,80,Dental Hygiene Mastery: NBDHE,0
gross,22,54,80,GG OCD - Anxiety & Depression,0
gross,2,55,80,Glucose - Blood Sugar Tracker,0
gross,1,84,80,JN Listen: Audio CME from JAMA,0
gross,15,41,80,Live Transcribe,0
gross,2,47,83,Brewfather,0
gross,1,16,83,Keto Diet Recipes + Carb App,0
gross,10,56,83,Mixel - Cocktail Recipes,0
gross,5,89,83,WISK: Food&Beverage Inventory,0
gross,5,87,84,GlobeIn: Artisan Home Goods,0
paid,21,56,87,75 Hard,0
paid,6,85,87,Antistress - Relaxing games,0
gross,14,36,87,Audible audiobooks & podcasts,0
gross,14,82,87,DoubleDown™ Casino -Slots Game,0
gross,3,49,87,Episode - Choose Your Story,0
paid,8,12,87,FiLMiC Pro－Video Camera,0
gross,30,26,87,Gardenscapes,0
paid,21,2,87,GoodNotes 5,0
gross,3,83,87,Hinge: Dating & Relationships,0
gross,4,10,87,Homescapes,0
paid,1,1,87,Minecraft,0
paid,14,53,87,My Macros+ | Diet & Calories,0
gross,4,37,87,MyFitnessPal,0
gross,2,94,87,onX Hunt: #1 GPS Hunting Map,0
gross,24,93,87,POP! Slots ™ Live Vegas Casino,0
gross,7,61,87,Slotomania™ Vegas Casino Slots,0
paid,6,37,87,Star Walk 2: The Night Sky Map,0
paid,1,66,87,Trivia Crack (No Ads),0
gross,7,89,87,West Game,0
free,15,72,1,ASVAB Mastery: AFQT Practice,1
free,17,45,1,Charger Master,1
gross,2,58,1,Daily Horoscope & Astrology!,1
free,16,40,1,FamilySearch Tree,1
free,9,1,1,MyHeritage - Family tree,1
gross,1,51,1,TransKey - Chat Translator App,1
free,9,41,2,aesthetic kit,1
free,6,10,2,・MEGA・,1
free,4,1,2,CamScanner-PDF Scanner App,1
free,24,28,2,Collect by WeTransfer,1
gross,24,23,2,Collect by WeTransfer,1
free,25,58,2,FormsApp : Manage your forms,1
free,4,72,2,ID.me Authenticator,1
free,28,45,2,LastPass Password Manager,1
free,7,38,2,Mail App for Gmail,1
free,1,17,2,Microsoft Authenticator,1
free,25,77,2,My CenturyLink,1
free,27,43,2,Ringtones Maker - the ring app,1
free,5,53,2,SanDisk iXpand™ Drive,1
gross,2,30,2,SignEasy - Sign and Fill Docs,1
paid,22,1,2,Things 3,1
free,1,27,2,Todoist: To-Do List & Tasks,1
gross,14,64,2,Universal Remote - TV Control,1
free,1,83,2,Volume Booster : Bass Boost Me,1
free,1,4,2,Widgetsmith,1
gross,24,74,3,AthletesGoLive,1
free,2,68,3,Barstool Sports,1
free,24,43,3,Boxing iTimer Lite,1
paid,4,53,3,CardGenie - Sports Cards,1
gross,2,1,3,DAZN: Live Sports Streaming,1
free,2,42,3,DraftKings Fantasy Sports,1
gross,2,26,3,腾讯体育-看奥运会NBA中超,1
gross,8,18,3,Equilab Equestrian Tracker,1
free,5,4,3,Fishing Points - Fishing App,1
free,9,53,3,Flick Sports,1
free,3,49,3,FOX Sports: Watch Live,1
free,24,15,3,Golf GPS SwingU,1
free,2,5,3,HomeCourt: Basketball Training,1
free,5,63,3,MaxPreps,1
free,2,21,3,MLB Ballpark,1
free,29,67,3,MyTeams by NBC Sports,1
free,1,6,3,NFL,1
free,2,23,3,Slopes: Ski & Snowboard,1
gross,1,17,3,SwingVision: A.I. Tennis App,1
free,1,12,3,theScore: Sports News & Scores,1
free,1,60,4,AmongChat - Voice Chat & Match,1
paid,30,18,4,Birthday Reminder Pro+,1
free,5,44,4,Bunch Group Video Chat & Games,1
free,4,17,4,Clubhouse: Social Audio,1
paid,21,1,4,Echofon Pro for Twitter,1
free,2,1,4,Facebook,1
free,3,70,4,Fam - Group Live Stream,1
free,4,18,4,Follower track for Instagram,1
free,3,65,4,Gamebytes - Games for iMessage,1
gross,1,38,4,Gaze - Video Chat,1
free,3,1,4,Grindr - Gay chat,1
gross,4,42,4,Libon - International calls,1
free,1,5,4,Life360: Find Family & Friends,1
gross,1,2,4,Life360: Find Family & Friends,1
free,7,30,4,LiveMe – Live Stream & Go Live,1
free,7,51,4,LMK: Make New Friends,1
free,8,67,4,Lobby - Hang out & Voice Chat,1
free,4,56,4,Match™ - #1 Dating App,1
free,2,21,4,"MeetMe - Go Live, Chat & Meet",1
gross,2,16,4,"MeetMe - Go Live, Chat & Meet",1
free,5,20,4,Pi Network,1
free,23,27,4,Plenty of Fish Dating,1
free,4,78,4,Profoundly,1
free,6,35,4,Reports for Followers,1
free,3,61,4,Second Texting Number,1
free,21,71,4,SpoofCard,1
gross,10,65,4,StreamKar - Live Video Chat,1
free,4,33,4,"Taimi: LGBTQ+ Dating, Chat",1
free,22,24,4,TalkU: Unlimited Calls + Texts,1
free,30,3,4,Text Me - Phone Call + Texting,1
gross,21,78,4,Upward: Christian Dating,1
free,9,1,4,WeChat,1
free,4,9,4,Zoosk Local Dating App,1
free,26,16,5,"Brave Private Web Browser, VPN",1
free,18,45,5,Countdown,1
free,3,1,5,Fonts Art - Fonts for iPhones,1
paid,9,47,5,ForzaTune Pro,1
free,7,60,5,Govee Home,1
free,29,10,5,Norton 360: Mobile Security,1
free,3,78,5,Print Photo - photo print app,1
free,3,1,5,QR Code Reader ·,1
paid,1,41,5,RightFont: Install Any Font,1
free,24,43,5,Ring - Always Home,1
free,3,42,5,Rokie - Roku Remote,1
free,2,31,5,Screen Mirroring - TV Cast,1
gross,3,51,5,Second Phone Number -Texts App,1
free,3,80,5,Spectrum Mobile Account,1
free,3,68,5,T-Mobile,1
free,20,24,5,TV Cast for Chromecast TV App,1
free,1,25,5,TV Remote - Universal Control,1
free,3,33,6,Airside Mobile Passport,1
free,2,38,6,Amtrak,1
free,1,65,6,Budget – Car Rental,1
free,4,18,6,DiDi-Rider,1
free,3,1,6,"Expedia: Hotels, Flights & Car",1
gross,3,3,6,Guru Maps,1
free,22,24,6,Hilton Honors: Book Hotels,1
free,21,22,6,Hopper - Flight & Hotel Deals,1
free,28,20,6,HotelTonight - Hotel Deals,1
free,25,30,6,JetBlue - Book & manage trips,1
free,3,12,6,Lime - Your Ride Anytime,1
free,5,1,6,"MAPS.ME: Offline Maps, GPS Nav",1
paid,5,1,6,OBD Fusion,1
free,25,43,6,RIU Hotels & Resorts,1
free,4,56,6,Rover—Dog Sitters & Walkers,1
free,1,1,6,Skyscanner – travel deals,1
free,18,42,6,Spirit Airlines,1
free,2,88,6,TransLoc,1
free,29,84,6,Trucker Tools,1
paid,16,2,6,Vegan Food Near You - HappyCow,1
free,29,37,6,Vrbo Vacation Rentals,1
free,2,79,6,Wag! - Dog Walkers & Sitters,1
free,4,1,7,Adobe Scan: Mobile PDF Scanner,1
free,2,26,7,Call Recorder App: RecMyCalls,1
free,4,53,7,Clubhouse,1
free,2,59,7,DoorDash - Driver,1
paid,21,53,7,ecMobile,1
free,16,42,7,FAX: Send Fax from iPhone,1
free,2,25,7,Fiverr - Freelance Services,1
free,26,21,7,Glassdoor - Job Search & more,1
free,1,71,7,Handshake Jobs & Careers,1
gross,24,64,7,Homebase Employee Scheduling,1
free,22,27,7,Indeed Job Search,1
free,2,77,7,Instawork Gigs & Jobs,1
free,21,20,7,Intelligent Hub,1
gross,14,48,7,"Invoice ASAP, Invoicing",1
paid,1,1,7,iScanner - PDF Scanner App,1
free,14,86,7,JobGet: Get Hired,1
free,3,87,7,JobStack | Find a Job,1
paid,2,2,7,JotNot Scanner App Pro,1
free,2,1,7,LinkedIn: Network & Job Finder,1
free,14,78,7,Me@Walmart,1
free,15,36,7,pdfFiller: Document editor&pdf,1
gross,3,7,7,QuickBooks Accounting,1
free,1,56,7,"RingCentral Chat, Video, Phone",1
free,29,33,7,SAP Concur,1
free,7,1,7,Scan Hero: PDF Scanner App,1
free,28,79,7,Shipt Shopper: Shop for Pay,1
free,2,8,7,Slack,1
free,28,22,7,Uber Driver,1
free,3,29,7,Webex,1
free,14,31,7,Workday,1
gross,1,1,8,AeroWeather Pro,1
paid,26,47,8,Anemometer for phone,1
free,28,69,8,BoatUS - Boat Weather & Tides,1
free,7,64,8,DeerCast: Deer Hunting Decoded,1
gross,5,78,8,Drive Weather,1
free,9,77,8,KSL Weather,1
free,24,78,8,KY3 Weather,1
free,21,23,8,MSW Surf Forecast,1
gross,18,28,8,My Earthquake Alerts Pro,1
free,3,18,8,My Moon Phase - Lunar Calendar,1
paid,26,11,8,My Moon Phase Pro - Alerts,1
free,3,43,8,MyRadar Weather Radar,1
paid,7,5,8,Nav Clock,1
free,25,48,8,NOAA Radar & Weather Forecast,1
gross,1,65,8,Snow Day Calculator,1
free,7,36,8,SolarWatch Sunrise Sunset Time,1
free,25,35,8,The Weather Forecast App,1
free,21,1,8,Weather Radar°,1
gross,22,4,8,Weather Underground: Local Map,1
free,21,8,8,Weather ٞ,1
free,27,11,8,WeatherBug – Weather Forecast,1
free,7,1,8,Windy.app - wind & weather,1
free,3,1,8,Windy.com,1
free,3,12,8,Yahoo Weather,1
gross,3,76,9,1 Second Everyday: Video Diary,1
free,7,36,9,Adobe Premiere Rush for Video,1
free,1,19,9,Alight Motion,1
free,3,43,9,Beatleap by Lightricks,1
free,1,75,9,Cameo - Personal celeb videos,1
free,2,25,9,Collage Maker ◇,1
gross,2,21,9,Collage Maker ◇,1
free,3,1,9,Facetune2 Editor by Lightricks,1
free,2,61,9,FilmoraGo-Video Editor & Maker,1
free,7,47,9,Filto: Video Filters & Edit,1
free,6,85,9,FreePrints – Photos Delivered,1
gross,24,14,9,GoPro Quik: Video Editor,1
free,28,82,9,Hype Simulator,1
free,2,78,9,Imgur - Funny Meme & GIF Maker,1
paid,21,74,9,iWebTV PRO,1
free,2,10,9,Lightleap by Lightricks,1
free,6,16,9,Likee - Let You Shine,1
free,6,12,9,Motionleap by Lightricks,1
free,20,44,9,Photo Scan App by Photomyne,1
paid,21,1,9,Photo Scanner Plus,1
free,1,4,9,Photoshop Express Photo Editor,1
free,3,45,9,Pixomatic - Background Eraser,1
free,4,28,9,PREQUEL: Aesthetic Editor,1
free,7,23,9,Presets for Lightroom - FLTR,1
free,3,49,9,Prisma Photo Editor,1
free,30,81,9,Shutterfly: Cards & Gifts,1
free,1,3,9,Snapchat,1
gross,21,25,9,Tempo - Music Video Maker,1
free,1,7,9,Video Star,1
free,10,67,10,America's Voice,1
free,24,2,10,Barron’s - Investing Insights,1
free,7,3,10,CNBC: Stock Market & Business,1
paid,14,1,10,Downcast,1
gross,2,53,10,Fox Nation: Celebrate America,1
free,14,26,10,Fox News: Live Breaking News,1
free,2,1,10,Medium,1
paid,7,3,10,News Explorer,1
gross,9,39,10,Newsday,1
paid,23,32,10,NSW Fires,1
paid,2,1,10,Outcast for Watch,1
free,3,1,10,Pocket: Save. Read. Grow.,1
gross,30,14,10,Podcast Player - Castbox,1
free,1,85,10,River – Personalized News,1
free,2,33,10,SmartNews: Local Breaking News,1
gross,7,64,10,Sun Sentinel,1
gross,5,83,10,syracuse.com,1
free,4,62,10,The Daily Wire,1
free,3,15,10,The Podcast App,1
free,2,1,10,The Wall Street Journal.,1
gross,2,1,10,The Wall Street Journal.,1
paid,16,72,10,ZAKER 专业版,1
free,17,58,20,azcentral,1
paid,5,1,20,B&W Photography Magazine,1
free,5,7,20,BBC History Magazine,1
gross,17,46,20,IndyStar,1
free,6,13,20,KANDY Magazine,1
free,22,71,20,Kansas City Star News,1
gross,17,62,20,lohud,1
free,22,40,20,Miami Herald News,1
gross,9,32,20,Newsday,1
gross,28,1,20,The Guardian: Breaking News,1
gross,22,66,20,The Modesto Bee News,1
free,2,1,20,The Wall Street Journal.,1
gross,3,36,21,Acapella from PicPlayPost,1
free,7,35,21,AmpMe – Speaker & Music Sync,1
gross,14,2,21,Beat Maker Go - Make Music,1
paid,2,43,21,BeatHawk,1
paid,1,46,21,Evermusic Pro: offline music,1
free,8,41,21,Genius: Song Lyrics & More,1
gross,3,69,21,"iHeart: Radio, Music, Podcasts",1
free,29,64,21,iMusic - Player for youtube,1
free,4,7,21,Karaoke - Sing Unlimited Songs,1
free,4,2,21,Karaoke Songs - Voice Singing,1
paid,14,21,21,Music Alarm Clock for Spotify+,1
paid,8,36,21,MusicView,1
free,8,21,21,Offline Music Player,1
free,18,19,21,Ringtones for iPhone: TUUNES,1
free,22,63,21,Spotify for Artists,1
free,21,25,21,TIDAL Music,1
paid,23,30,21,TwistedWave Audio Editor,1
gross,10,54,21,U Beats: Beat Maker & Drum Pad,1
free,2,12,21,Voloco: Vocal Recording Studio,1
gross,1,76,22,BaseMap: Hunting GPS Maps,1
free,27,18,22,Coordinates - GPS Formatter,1
free,10,25,22,"高德地图-精准地图,导航打车出行必备",1
gross,3,1,22,"Find my Phone, Friends - iMapp",1
free,14,4,22,"Gaia GPS Hiking, Offroad Maps",1
paid,9,1,22,Guru Maps Pro,1
gross,2,71,22,Humminbird FishSmart,1
gross,6,68,22,Hunting Points: GPS Hunt Maps,1
free,1,1,22,Moovit: All Transit Options,1
paid,1,43,22,MyTracks.,1
free,19,11,22,New York Subway MTA Map,1
free,1,57,22,Nexar - AI Dash Cam,1
gross,4,79,22,Regrid Property Map & Survey,1
free,3,40,22,REVER - Motorcycle GPS & Rides,1
gross,3,50,22,REVER - Motorcycle GPS & Rides,1
free,4,28,22,Route4Me Route Planner,1
free,3,73,22,Scout GPS Link,1
free,28,79,22,Speedway Fuel & Speedy Rewards,1
gross,6,81,22,Straightaway Route Planner,1
free,30,19,22,Topo Maps+,1
free,30,26,22,Trailforks,1
free,26,23,22,Transit • Subway & Bus Times,1
gross,7,61,22,Trucker Path: Truck GPS & Maps,1
free,9,72,22,TruckMap - Truck GPS Routes,1
free,29,87,22,VZ Navigator,1
paid,21,13,23,75 Hard,1
paid,4,27,23,Activity+,1
gross,16,6,23,BodyFast Intermittent Fasting,1
paid,29,17,23,HRV4Training,1
gross,27,64,23,Moshi Kids: Sleep & Meditation,1
paid,14,12,23,My Macros+ | Diet & Calories,1
paid,28,5,23,Seconds Pro Interval Timer,1
gross,3,1,23,Sweat: Fitness App For Women,1
paid,8,7,23,Tabata Pro - Tabata Timer,1
gross,7,1,23,Yoga | Daily Yoga for Everyone,1
gross,1,20,23,Yoga-Go: Yoga for Weight Loss,1
gross,3,27,24,Hinge: Dating & Relationships,1
gross,3,51,24,Psychic Txt - Live Readings,1
gross,5,56,24,Reports for Followers Tracker,1
gross,2,45,24,Roomster: Roommates & Rooms,1
gross,7,49,24,The League: Intelligent Dating,1
paid,17,70,24,Wishboard,1
gross,6,50,25,Credit Sesame,1
gross,2,7,25,Expensify: Receipts & Expenses,1
gross,1,73,25,Hiatus: Bill and Money Manager,1
gross,5,55,25,"Hurdlr Mileage, Expenses & Tax",1
paid,8,1,25,Money Pro: Personal Finance AR,1
gross,10,1,25,Seeking Alpha: News & Analysis,1
gross,7,8,25,TipRanks Stock Market Research,1
paid,23,30,25,Wallet Pro - Credit Wallet,1
gross,6,88,25,Zirtue: Lend & Borrow Money,1
paid,6,58,26,Antistress - Relaxing games,1
gross,1,62,26,DRAGON BALL LEGENDS,1
gross,2,26,26,Klondike Adventures,1
gross,4,73,26,Lily’s Garden: Design & Relax,1
gross,1,1,26,Minecraft,1
paid,6,11,26,Pocket Build,1
gross,4,24,26,RAID: Shadow Legends,1
paid,3,27,26,The Game of Life 2,1
paid,18,1,27,AnkiMobile Flashcards,1
gross,2,32,27,Drops : Language-Learning App,1
gross,1,18,27,Learn 33 Languages with Mondly,1
gross,3,46,27,MasterClass: Learn New Skills,1
gross,2,16,27,Sago Mini World: Kids Games,1
gross,21,79,27,UWorld NCLEX,1
gross,2,11,27,Words Booster: Learn Languages,1
gross,14,46,28,Ahlan - Group Voice Chat Rooms,1
gross,2,1,28,Colorfy: Art Coloring Game,1
gross,9,76,28,EPIX NOW: Watch TV and Movies,1
gross,8,47,28,Hotstar- Movies & Live Cricket,1
gross,1,38,28,PNP – Portable North Pole™,1
gross,24,40,28,Sanctuary Astrology: Psychic,1
gross,3,74,28,UP Faith & Family,1
gross,1,41,29,AnyStories,1
gross,8,8,29,Bookmate. Listen & read books,1
gross,8,55,29,Hay House Unlimited Audio,1
gross,20,22,29,Little Stories: Bedtime Books,1
gross,1,1,29,Scribd - audiobooks & ebooks,1
gross,28,27,29,Storysome - Completed Story,1
gross,6,82,29,"VolcanoEbook-Novel,Story＆Read",1
gross,30,52,55,MovieFan: Idle Trivia Quiz,1
gross,15,27,55,Phrase Party!,1
paid,15,19,55,Phrase Party!,1
gross,21,23,55,Word Nut - Word Puzzle Games,1
paid,15,25,56,Phrase Party!,1
gross,1,7,56,Word Life - Crossword puzzle,1
gross,3,15,57,F1 Mobile Racing,1
gross,1,85,57,Golden Tee Golf: Online Games,1
gross,3,54,57,Golf Blitz,1
gross,8,52,57,Knights Fight 2,1
gross,7,26,58,AFK Arena,1
paid,7,65,58,Apocalypse Inc.,1
gross,1,48,58,Art of Conquest,1
paid,29,32,58,Game Dev Tycoon,1
gross,7,9,58,Last Shelter: Survival,1
gross,1,14,58,Mafia City: War of Underworld,1
gross,7,53,58,Pirates of the Caribbean : ToW,1
paid,13,55,58,Pirates Outlaws,1
gross,5,88,58,Royal Chaos,1
gross,6,12,59,BitLife - Life Simulator,1
gross,19,82,59,神魔三國志,1
gross,4,38,59,Dragon Raja,1
gross,29,41,59,Final Fantasy XV: A New Empire,1
paid,9,17,59,Pocket Rogues: Ultimate,1
gross,7,1,59,Rise of Empires: Fire and War,1
gross,14,64,59,Ulala: Idle Adventure,1
paid,3,31,59,You are Hope,1
paid,7,66,60,Apocalypse Inc.,1
gross,3,61,60,Conflict of Nations: WW3,1
gross,10,90,60,Door Slammers 2 Drag Racing,1
gross,3,3,60,Episode - Choose Your Story,1
gross,6,43,60,Idle Miner Tycoon: Gold Rush,1
gross,4,52,60,My Home - Design Dreams,1
gross,3,59,60,The Battle Cats,1
gross,4,78,60,Ultimate Golf!,1
gross,4,22,61,Best Fiends - Puzzle Adventure,1
paid,3,1,61,Doodle God™,1
gross,1,1,61,Fishdom,1
gross,4,1,61,Homescapes,1
gross,19,53,61,Jewels of Rome: Restore Empire,1
paid,5,46,61,Monopoly Sudoku,1
paid,8,1,61,Monument Valley,1
gross,8,55,61,Traffic Puzzle - Match 3 Game,1
gross,1,57,61,Word Life - Crossword puzzle,1
gross,7,22,62,Assoluto Racing,1
gross,7,46,62,CarX Highway Racing,1
gross,5,56,62,Dirt Trackin 2,1
gross,4,63,62,Torque Burnout,1
gross,4,22,63,BanG Dream! Girls Band Party!,1
paid,10,1,63,Lanota,1
gross,22,14,63,Marshmello Music Dance,1
paid,7,57,63,Tap Studio 3 PRO,1
gross,2,16,71,Sky: Children of the Light,1
gross,3,1,71,The Game of Life 2,1
paid,3,1,71,The Game of Life 2,1
gross,18,68,71,Tiny Tower,1
gross,1,3,71,Trivia Crack (No Ads),1
gross,1,1,71,UNO!™,1
gross,1,73,73,Arena of Valor,1
gross,4,74,73,Bubbles Empire Champions,1
gross,1,55,73,Galaxy Attack: Space Shooter,1
gross,4,44,73,Looney Tunes™ World of Mayhem,1
gross,22,32,73,MARVEL Future Fight,1
gross,1,88,73,MLB Tap Sports Baseball 2020,1
gross,1,5,73,Mobile Legends: Bang Bang,1
gross,2,20,73,NBA 2K Mobile Basketball,1
paid,11,44,73,Pascal's Wager,1
gross,29,1,73,PUBG MOBILE 1.5: IGNITION,1
gross,1,61,73,War Planet Online,1
gross,13,89,74,Bubble Shooter Classic Match,1
gross,21,76,74,Campus: Date Sim,1
gross,3,84,74,Cat Game - The Cats Collector!,1
gross,2,41,74,Cooking Dash™,1
gross,9,56,74,Cube Rush Adventure,1
gross,23,16,74,Hungry Shark World,1
gross,1,79,74,Merge Gardens,1
gross,2,57,74,Mergical-Fun Match Island Game,1
gross,4,1,74,Tiles Hop - EDM Rush,1
gross,3,36,75,Atlantis Odyssey,1
paid,9,1,75,Doodle Jump,1
gross,3,87,75,GUNDAM BREAKER MOBILE,1
gross,24,8,75,Harry Potter: Hogwarts Mystery,1
gross,8,23,75,LifeAfter,1
paid,1,1,75,Minecraft,1
gross,7,48,75,Pokémon Masters EX,1
gross,4,9,75,Raft Survival - Ocean Nomad,1
gross,20,16,75,Seekers Notes: Hidden Mystery,1
gross,1,12,75,The Seven Deadly Sins,1
gross,1,16,76,Caesars Slots: Casino & Slots,1
gross,3,1,76,DoubleU Casino: Vegas Slots,1
gross,1,2,76,Hearthstone,1
gross,2,1,76,Mortal Kombat,1
gross,4,56,76,تربيعة بلوت,1
gross,4,64,76,Old Vegas Classic Slots Casino,1
paid,2,1,76,Similo: The Card Game,1
gross,7,1,76,Slotomania™ Vegas Casino Slots,1
gross,4,1,76,Solitaire Cruise Tripeaks Card,1
gross,1,1,76,UNO!™,1
gross,12,23,77,Bingo Frenzy -Live Bingo Games,1
gross,3,44,77,Bubble Pop! Puzzle Game Legend,1
gross,4,19,77,Clue: The Classic Mystery Game,1
gross,4,34,77,Drop The Number : Merge Puzzle,1
paid,5,20,77,Monopoly Sudoku,1
gross,4,87,77,Onet 3D - Classic Link Puzzle,1
gross,4,24,77,Paint by Number Coloring Games,1
gross,30,5,77,Pixel Art - Color by Number,1
gross,7,30,79,Bingo Journey！Real Bingo Games,1
gross,3,15,79,Bingo Party - Slots Bingo Game,1
gross,4,76,79,Bingo! Live Story Bingo Games,1
paid,8,33,79,bingo!!,1
gross,3,14,79,Scatter Slots - Slot Machines,1
gross,7,59,79,Wynn Slots - Las Vegas Casino,1
paid,5,21,80,Baby Connect (Baby Tracker),1
gross,19,32,80,CBT Thought Diary,1
gross,2,6,80,Glow Baby: Newborn Tracker Log,1
gross,4,9,80,Glucose Buddy Diabetes Tracker,1
paid,25,18,80,Pill Identifier by Drugs.com,1
gross,28,3,80,Prime Sleep Recorder,1
paid,14,5,80,SnoreGym : Reduce Your Snoring,1
gross,5,17,80,Volume Boost – Sound Amplifier,1
gross,4,75,83,Cooklist: Pantry To Recipes,1
gross,1,1,83,Cookpad - Recipe Sharing,1
gross,13,38,83,Diet Doctor Eat,1
gross,5,22,84,My Movies 3 - Movie & TV List,1
gross,13,12,84,Our Groceries Shopping List,1
gross,1,36,84,Simplify AIO,1
paid,21,1,84,Smart Closet - Fashion Style,1
paid,7,89,87,Apocalypse Inc.,1
paid,4,82,87,Clue: The Classic Mystery Game,1
gross,1,81,87,DRAGON BALL LEGENDS,1
paid,1,1,87,Infinite Flight Simulator,1
gross,1,36,87,Mobile Legends: Bang Bang,1
paid,14,61,87,Music Alarm Clock for Spotify+,1
paid,6,24,87,Pocket Build,1
gross,4,48,87,RAID: Shadow Legends,1
gross,1,32,87,State of Survival Walking Dead,1
paid,24,68,87,Superimpose X,1
gross,8,68,87,World Series of Poker - WSOP,1
paid,3,87,87,You are Hope,1